Normal_Dagilim,Duzgun_Dagilim,Ustel_Dagilim,Tam_Sayilar,Normal_Dagilim2
0.496714,1.674826,0.494536,57.000000,7.166546
-0.138264,1.045678,0.074825,49.000000,3.867187
0.647689,6.364302,0.228636,45.000000,3.841600
1.523030,7.064757,0.827581,82.000000,4.550053
-0.234153,0.315861,3.244901,66.000000,6.272475
-0.234137,9.362122,1.697491,77.000000,3.978609
1.579213,0.519713,1.437618,45.000000,4.761475
0.767435,5.412963,0.694833,79.000000,5.547188
-0.469474,7.090605,5.369265,20.000000,3.190216
0.542560,8.709691,1.011726,64.000000,3.063783
-0.463418,7.140869,0.182242,93.000000,4.683472
-0.465730,8.017281,1.919788,93.000000,4.948358
0.241962,3.394502,0.241712,67.000000,5.867771
-1.913280,8.148251,0.846922,83.000000,6.343773
-1.724918,0.801148,1.416164,3.000000,2.801874
-0.562288,8.948167,4.146482,54.000000,3.375830
-1.012831,5.475924,1.360646,78.000000,3.058495
0.314247,8.172978,2.423061,64.000000,7.824895
-0.908024,4.523183,9.872031,40.000000,4.759459
-1.412304,6.435777,0.281950,59.000000,5.032259
1.465649,5.264027,0.642427,55.000000,5.115549
-0.225776,7.315895,1.003653,62.000000,3.568660
0.067528,0.816300,1.095768,4.000000,8.128539
-1.424748,0.603521,1.058730,60.000000,5.822053
-0.544383,2.471032,4.763495,75.000000,5.079181
0.110923,1.595447,2.503755,95.000000,2.789487
-1.150994,8.717836,1.872503,96.000000,2.676135
0.375698,2.192140,0.740310,91.000000,4.382185
-0.600639,9.758653,3.472162,30.000000,3.600016
-0.291694,3.368958,6.204877,2.000000,2.865111
-0.601707,1.821179,3.442956,62.000000,4.258084
1.852278,7.896985,0.003133,49.000000,4.567144
-0.013497,6.587078,2.023409,9.000000,5.283571
-1.057711,4.981957,0.104978,92.000000,3.992161
0.822545,5.553636,0.595754,31.000000,2.984799
-1.220844,7.192018,0.122740,98.000000,3.054158
0.208864,2.284547,1.851649,61.000000,7.425945
-1.959670,9.963339,2.320486,79.000000,2.496485
-1.328186,9.747932,0.243178,48.000000,5.726365
0.196861,6.503257,0.968494,25.000000,6.039093
0.738467,1.995425,1.218482,36.000000,4.757449
0.171368,6.802282,0.921067,8.000000,8.535658
-0.115648,0.721984,0.257998,73.000000,6.003438
-0.301104,0.306525,1.085829,58.000000,8.685806
-1.478522,2.576829,2.782035,45.000000,3.697872
-0.719844,4.626230,0.147310,62.000000,3.732109
-0.460639,8.682725,0.167155,39.000000,6.055074
1.057122,7.271691,0.876301,96.000000,4.477069
0.343618,7.427065,5.685189,58.000000,8.371331
-1.763040,4.254933,2.208693,81.000000,5.683401
0.324084,3.459350,2.270573,99.000000,2.910852
-0.385082,3.710388,0.898583,83.000000,1.526367
-0.676922,9.876496,1.801134,64.000000,4.843523
0.611676,0.401092,0.020366,44.000000,4.821754
1.031000,8.670315,2.021731,29.000000,5.627532
0.931280,5.786754,4.890302,59.000000,7.421381
-0.839218,4.386154,1.896458,71.000000,7.158227
-0.309212,7.252577,4.138168,92.000000,3.842198
0.331263,4.866689,2.574514,9.000000,2.412361
0.975545,8.734232,0.256936,92.000000,2.531758
-0.479174,9.007019,4.654848,6.000000,3.526397
-0.185659,4.217209,0.137508,29.000000,4.266537
-1.106335,2.768278,1.527000,58.000000,5.610124
-1.196207,5.923503,0.306622,17.000000,3.398065
0.812526,9.123633,0.023551,16.000000,5.560784
1.356240,2.106622,1.096481,87.000000,5.724080
-0.072010,6.229666,0.699230,95.000000,5.286688
1.003533,6.315602,1.331066,3.000000,2.742754
0.361636,7.331130,1.721712,21.000000,5.935653
-0.645120,1.315677,0.089449,64.000000,9.162539
0.361396,7.158250,0.262504,90.000000,5.491794
1.538037,9.090325,1.635800,36.000000,-0.906150
-0.035826,1.796831,0.840652,86.000000,7.481759
1.564644,2.375433,2.612554,62.000000,3.594504
-2.619745,9.713951,2.112782,42.000000,9.531425
0.821903,1.809770,3.736474,76.000000,5.232727
0.087047,8.543851,2.358514,42.000000,1.630599
-0.299007,4.922779,1.123996,61.000000,0.870605
0.091761,2.472311,2.235386,13.000000,8.079482
-1.987569,8.707499,0.644219,11.000000,7.211810
-0.219672,4.453053,0.731470,54.000000,9.452038
0.357113,5.148174,3.111654,16.000000,5.021849
1.477894,3.592334,1.182696,8.000000,4.886940
-0.518270,5.929509,3.202744,59.000000,4.234562
-0.808494,1.635239,3.456695,57.000000,3.683420
-0.501757,3.910815,3.897702,40.000000,4.215141
0.915402,9.694123,4.969059,59.000000,5.434927
0.328751,2.581334,1.127698,2.000000,3.312198
-0.529760,6.567367,0.767995,94.000000,1.661421
0.513267,3.251901,1.745499,94.000000,5.319753
0.097078,7.734731,0.927796,76.000000,3.267609
0.968645,1.308737,1.837960,10.000000,-1.478875
-0.702053,9.698210,2.445536,44.000000,6.105135
-0.327662,4.537895,2.332102,11.000000,2.783882
-0.392108,2.360505,0.938577,79.000000,6.323579
-1.463515,0.734967,0.365108,80.000000,6.275696
0.296120,1.697579,1.126096,81.000000,5.567180
0.261055,5.197739,0.307688,90.000000,9.993636
0.005113,3.370032,4.416315,2.000000,4.723896
-0.234587,8.288834,0.848921,50.000000,4.428721
-1.415371,4.308875,0.335559,12.000000,6.367345
-0.420645,2.487143,0.051554,90.000000,4.889105
-0.342715,6.171450,2.075914,23.000000,7.320987
-0.802277,7.067772,2.026167,18.000000,2.462388
-0.161286,1.670419,0.832863,62.000000,2.495651
0.404051,1.676192,0.148826,96.000000,6.531619
1.886186,0.366714,1.054008,62.000000,2.670378
0.174578,7.364020,0.745659,38.000000,6.218197
0.257550,6.638045,2.260953,67.000000,5.740006
-0.074446,4.746309,1.861688,38.000000,3.611023
-1.918771,8.441704,0.906981,67.000000,5.734340
-0.026514,8.056702,0.491526,94.000000,2.530815
0.060230,5.853544,8.851701,61.000000,3.000200
2.463242,8.682713,1.210279,1.000000,4.525625
-0.192361,2.058412,2.331263,94.000000,5.157856
0.301547,1.119196,0.302932,45.000000,4.392723
-0.034712,2.697496,1.329468,96.000000,5.866232
-1.168678,0.570869,0.055846,28.000000,5.776933
1.142823,5.311695,1.408235,21.000000,8.058734
0.751933,9.366057,6.649440,13.000000,4.809429
0.791032,0.393435,0.969688,27.000000,7.389127
-0.909387,1.221099,0.079553,7.000000,6.841451
1.402794,4.521990,0.062890,22.000000,9.587955
-1.401851,9.338750,0.982003,74.000000,4.745484
0.586857,3.161561,0.348766,53.000000,4.159283
2.190456,5.072348,0.047258,79.000000,7.515388
-0.990536,0.415729,2.822926,79.000000,5.770865
-0.566298,1.483432,1.226909,4.000000,7.563318
0.099651,9.866301,0.682854,96.000000,6.433598
-0.503476,9.651187,4.606835,23.000000,0.786476
-1.550663,0.049400,0.246911,70.000000,5.752644
0.068563,9.518118,6.243445,88.000000,5.622432
-1.062304,6.391199,0.753658,84.000000,5.266214
0.473592,8.679183,4.385734,84.000000,4.735514
-0.919424,4.547399,1.847350,76.000000,1.815713
1.549934,5.155960,3.505547,33.000000,6.748354
-0.783253,4.888466,8.271979,28.000000,5.747537
-0.322062,6.668643,0.680494,8.000000,7.203913
0.813517,1.396513,6.495347,1.000000,1.922489
-1.230864,0.299736,0.986895,37.000000,6.014269
0.227460,3.079299,0.973931,63.000000,4.530681
1.307143,7.046808,0.832204,22.000000,5.287576
-1.607483,2.018535,1.559187,70.000000,4.553681
0.184634,6.734324,0.334815,21.000000,6.087216
0.259883,9.699120,1.613579,96.000000,4.674254
0.781823,0.939007,1.560484,35.000000,2.896170
-1.236951,6.726021,2.870144,79.000000,5.172851
-1.320457,4.437502,3.587322,5.000000,4.571651
0.521942,8.681423,1.161214,60.000000,4.833213
0.296985,1.771498,0.720027,46.000000,-1.375623
0.250493,6.926260,0.600413,50.000000,6.365272
0.346448,8.381153,0.432892,48.000000,4.370673
-0.680025,9.446142,0.118752,6.000000,2.303693
0.232254,6.832480,0.838463,89.000000,6.845127
0.293072,4.971748,0.630100,56.000000,6.272731
-0.714351,6.178472,6.787494,59.000000,4.345360
1.865775,8.689050,1.631574,29.000000,2.695661
0.473833,5.706097,0.853205,71.000000,5.356061
-1.191303,0.303871,1.737229,77.000000,5.246212
0.656554,9.309487,0.299779,18.000000,6.848669
-0.974682,6.895268,1.174131,2.000000,4.112529
0.787085,6.765134,1.968252,8.000000,7.389844
1.158596,2.156752,1.342372,75.000000,3.919494
-0.820682,6.588855,1.027589,97.000000,2.308336
0.963376,3.938644,10.182083,54.000000,2.735434
0.412781,6.512330,4.245780,38.000000,4.875177
0.822060,1.065930,1.953175,48.000000,4.868971
1.896793,6.578453,1.685046,27.000000,5.655722
-0.245388,9.994137,1.938647,20.000000,4.819252
-0.753736,0.482120,0.449570,12.000000,6.954637
-0.889514,9.771742,1.005509,43.000000,4.477812
-0.815810,4.069080,0.080518,61.000000,1.007447
-0.077102,8.707535,1.290795,31.000000,4.757807
0.341152,7.823855,1.566251,91.000000,0.986443
0.276691,5.670163,0.516893,96.000000,5.542782
0.827183,7.384492,6.650076,61.000000,7.114386
0.013002,8.785156,4.803808,74.000000,3.027551
1.453534,4.041403,2.561299,67.000000,7.837113
-0.264657,3.270332,1.524509,91.000000,6.685662
2.720169,6.675934,4.079967,35.000000,7.412960
0.625667,8.078459,0.280024,95.000000,5.379128
-0.857158,7.622851,3.126157,15.000000,3.014470
-1.070892,7.978136,0.266653,16.000000,6.561631
0.482472,4.355833,3.161805,13.000000,3.750798
-0.223463,8.178342,0.645286,35.000000,5.235769
0.714000,1.202091,4.192615,75.000000,4.657298
0.473238,5.444891,5.766311,59.000000,7.249392
-0.072829,0.057587,0.322207,21.000000,6.460654
-0.846794,3.245858,1.242307,54.000000,4.838868
-1.514847,3.664615,7.925304,75.000000,1.096786
-0.446515,3.961727,1.321002,30.000000,3.729545
0.856399,6.954672,3.983558,48.000000,6.408445
0.214094,3.885581,1.777018,35.000000,5.560221
-1.245739,4.486936,0.941063,86.000000,1.993556
0.173181,2.375441,0.673138,38.000000,1.386824
0.385317,3.732518,0.454361,31.000000,5.391018
-0.883857,2.272696,2.869274,78.000000,2.885886
0.153725,0.731959,0.977282,24.000000,3.078407
0.058209,6.034486,1.431913,49.000000,6.345215
-1.142970,6.682128,1.355829,96.000000,7.404478
0.357787,6.194903,1.722086,32.000000,3.498596
0.560785,4.634940,4.013530,55.000000,4.910479
1.083051,3.797858,7.899382,79.000000,4.851507
1.053802,8.633336,1.047093,58.000000,4.671592
-1.377669,5.190818,3.514935,99.000000,5.081197
-0.937825,4.791819,2.892325,3.000000,6.512998
0.515035,0.256421,1.704422,80.000000,3.652151
0.513786,3.412478,6.249275,69.000000,1.949445
0.515048,3.801956,0.447474,85.000000,8.380020
3.852731,3.988228,0.231415,10.000000,7.178844
0.570891,5.801724,3.847776,83.000000,2.792724
1.135566,5.336025,1.156603,25.000000,5.271264
0.954002,6.079051,3.754228,68.000000,7.021404
0.651391,7.648833,4.471540,61.000000,6.498088
-0.315269,8.129857,0.128987,29.000000,5.924027
0.758969,7.181231,4.299123,19.000000,4.659546
-0.772825,9.555237,1.189571,43.000000,8.454608
-0.236819,0.182326,1.428466,66.000000,5.441718
-0.485364,1.957780,1.970170,74.000000,3.970081
0.081874,0.075629,5.217748,61.000000,6.742151
2.314659,6.474747,0.038602,43.000000,5.192117
-1.867265,8.980305,1.295749,25.000000,5.699595
0.686260,2.434823,2.327723,20.000000,5.406298
-1.612716,9.270345,2.565361,48.000000,5.993551
-0.471932,0.602674,2.358771,83.000000,3.043087
1.088951,9.344360,0.288746,87.000000,2.097787
0.064280,3.516227,0.711624,24.000000,7.868265
-1.077745,1.014208,0.888564,11.000000,5.499169
-0.715304,4.858718,3.263748,98.000000,6.541695
0.679598,2.567766,0.653566,55.000000,1.480482
-0.730367,2.848729,0.473230,28.000000,7.133366
0.216459,3.072900,6.314058,69.000000,3.957029
0.045572,8.030259,0.017806,63.000000,3.387564
-0.651600,5.391613,12.257646,59.000000,4.873254
2.143944,3.113077,2.259100,5.000000,3.044040
0.633919,6.103338,3.525986,51.000000,4.996537
-2.025143,7.161507,0.698036,21.000000,4.727323
0.186454,2.726240,0.028837,12.000000,7.120792
-0.661786,4.135491,2.677826,50.000000,8.026689
0.852433,1.218861,3.593278,4.000000,7.963032
-0.792521,1.811493,2.697813,42.000000,0.470970
-0.114736,6.811179,0.308285,84.000000,3.129666
0.504987,1.814383,2.800202,38.000000,0.450226
0.865755,5.251634,2.930007,25.000000,2.612915
-1.200296,7.090463,2.149052,14.000000,3.700964
-0.334501,1.068769,2.905859,75.000000,5.821123
-0.474945,5.673122,3.740585,32.000000,3.960134
-0.653329,2.565628,1.901786,11.000000,4.015860
1.765454,9.629269,0.185557,61.000000,5.363529
0.404982,4.835456,1.337408,18.000000,1.581381
-1.260884,8.059925,0.161660,27.000000,3.322814
0.917862,5.502265,1.046954,55.000000,3.992887
2.122156,0.434125,1.045481,54.000000,4.595196
1.032465,6.331514,0.136579,82.000000,5.153908
-1.519370,9.514033,0.857940,87.000000,8.001300
-0.484234,6.016118,0.235312,75.000000,6.816672
1.266911,8.191889,3.302971,21.000000,3.461380
-0.707669,8.842065,5.901060,44.000000,4.477342
0.443819,2.280798,0.150129,5.000000,4.341122
0.774634,2.120448,6.207312,87.000000,3.971695
-0.926930,6.109810,1.478703,41.000000,5.545032
-0.059525,4.110285,0.712109,59.000000,1.280441
-3.241267,8.398613,0.159953,89.000000,6.761429
-1.024388,9.000231,1.388793,54.000000,8.387102
-0.252568,3.534214,3.164770,74.000000,4.460319
-1.247783,2.368706,2.455756,22.000000,4.421271
1.632411,7.805255,0.103062,83.000000,5.314088
-1.430141,2.748060,0.151392,65.000000,7.038772
-0.440044,8.226143,1.031252,64.000000,4.351413
0.130741,4.237383,0.699939,71.000000,6.867890
1.441273,6.675499,0.528932,4.000000,5.976989
-1.435862,0.955353,0.659800,65.000000,9.723223
1.163164,6.238593,3.254010,15.000000,4.342676
0.010233,4.517677,5.296585,76.000000,1.047999
-0.981509,5.866085,1.038733,22.000000,2.134122
0.462103,1.680142,4.731284,86.000000,5.023856
0.199060,7.368737,0.775729,47.000000,7.055764
-0.600217,8.627971,1.294196,81.000000,3.694982
0.069802,2.167398,0.512442,93.000000,4.538135
-0.385314,0.957146,2.045949,46.000000,6.369685
0.113517,0.236386,7.724668,14.000000,3.069535
0.662131,6.419715,1.850124,50.000000,3.777461
1.586017,6.070940,0.885755,20.000000,2.664547
-1.237815,5.466974,2.087211,50.000000,7.356456
2.133033,2.319471,0.262316,33.000000,8.083346
-1.952088,3.909060,4.390317,59.000000,1.841170
-0.151785,5.944763,1.398668,43.000000,4.715629
0.588317,4.967669,1.193311,79.000000,7.814518
0.280992,9.877855,1.763126,12.000000,5.797390
-0.622700,1.364398,1.960506,40.000000,4.021522
-0.208122,6.951446,0.148964,20.000000,1.907676
-0.493001,4.043188,2.295293,94.000000,7.305889
-0.589365,4.281996,0.553964,38.000000,5.721030
0.849602,7.175978,2.503196,3.000000,2.054027
0.357015,6.924362,3.457961,28.000000,7.379782
-0.692910,9.912560,3.258858,56.000000,1.799193
0.899600,1.283943,1.608162,90.000000,4.559028
0.307300,1.041096,1.468646,94.000000,4.470771
0.812862,7.243388,0.308345,13.000000,8.236763
0.629629,5.783869,2.986389,77.000000,4.477908
-0.828995,2.741607,0.633287,66.000000,4.470715
-0.560181,0.794194,1.373120,37.000000,2.273843
0.747294,0.856582,0.668916,49.000000,3.719205
0.610370,8.941909,0.287344,66.000000,3.365409
-0.020902,1.918673,1.986115,36.000000,3.469555
0.117327,3.233716,0.111728,54.000000,5.012569
1.277665,2.266564,2.761780,26.000000,0.131647
-0.591571,3.549963,0.764240,75.000000,1.979540
0.547097,0.694238,0.000269,72.000000,4.777962
-0.202193,5.190598,1.431314,40.000000,5.242509
-0.217681,0.676126,0.095970,43.000000,4.533134
1.098777,8.003565,0.646396,22.000000,4.918411
0.825416,2.337121,2.455005,20.000000,4.181767
0.813510,5.400119,0.129482,8.000000,4.962991
1.305479,8.800791,3.656911,29.000000,5.868284
0.021004,6.508774,0.007654,40.000000,5.854267
0.681953,5.329578,0.566912,90.000000,3.622083
-0.310267,3.243338,2.701114,30.000000,6.830189
0.324166,3.330019,0.760385,81.000000,5.314217
-0.130143,6.694870,0.214931,84.000000,7.464428
0.096996,9.941394,0.893305,55.000000,7.865745
0.595157,6.618392,0.630499,16.000000,2.114547
-0.818221,5.577834,3.699352,46.000000,3.281945
2.092387,7.306505,0.751855,62.000000,6.627096
-1.006017,4.652056,3.111154,7.000000,1.670215
-1.214189,0.601423,4.448882,80.000000,7.840354
1.158111,5.622968,1.137677,45.000000,4.312236
0.791663,9.576253,4.814628,59.000000,6.150066
0.624120,1.753029,0.947439,56.000000,4.767219
0.628346,6.900049,6.652834,48.000000,2.215221
-0.012247,2.009337,0.187060,27.000000,7.111089
-0.897254,5.358277,2.323227,53.000000,10.501446
0.075805,0.966764,1.361702,87.000000,3.969983
-0.677162,4.503709,0.980899,88.000000,4.355283
0.975120,7.561633,2.003217,73.000000,-0.298199
-0.147057,3.475715,2.433826,35.000000,7.703006
-0.825497,6.649117,0.008746,51.000000,6.823531
-0.321386,7.954500,0.365331,84.000000,1.533232
0.412931,9.271778,2.496867,37.000000,0.870229
-0.563725,2.346421,2.195538,81.000000,1.101537
-0.822220,3.993159,6.765586,95.000000,6.290338
0.243687,1.524160,2.862900,57.000000,6.489983
0.244967,9.924835,6.022614,8.000000,3.153332
-0.506943,9.270010,2.424954,79.000000,5.998520
-0.471038,5.399571,0.707792,95.000000,5.317754
0.232050,8.420333,0.222679,94.000000,4.265461
-1.448084,5.209580,3.044905,20.000000,6.940394
-1.407464,6.235857,2.066488,53.000000,2.590129
-0.718444,0.891244,0.098771,12.000000,7.295078
-0.213447,7.552704,0.892732,49.000000,3.542957
0.310908,1.277135,6.283821,17.000000,8.563073
1.475356,8.260676,1.387900,64.000000,2.989388
0.857660,7.820281,1.133837,42.000000,4.296856
-0.159939,7.087447,1.223870,94.000000,5.117174
-0.019016,0.361604,0.468618,29.000000,5.104637
-1.002529,3.031284,0.919971,19.000000,5.981657
-0.018513,2.631126,0.923478,11.000000,2.428635
-0.288659,3.601364,0.107551,98.000000,4.925375
0.322719,0.876427,2.918312,50.000000,5.276263
-0.827231,9.369578,1.077437,71.000000,3.944524
0.519347,5.538022,3.453966,58.000000,5.808117
1.532739,3.055243,3.798885,34.000000,2.307260
-0.108760,3.969815,0.476499,20.000000,4.347092
0.401712,4.472025,2.142112,50.000000,3.493632
0.690144,6.005943,1.278386,88.000000,4.353138
-0.401220,5.156794,4.243141,10.000000,7.894071
0.224092,9.193920,0.486031,32.000000,7.932911
0.012592,4.969635,2.265248,52.000000,7.540833
0.097676,9.921580,1.871723,15.000000,4.075485
-0.773010,8.514250,0.699970,84.000000,6.815237
0.024510,2.085105,0.293756,3.000000,5.224724
0.497998,9.305952,2.109036,37.000000,5.091179
1.451144,1.163664,2.683388,40.000000,4.845277
0.959271,8.174497,0.758505,72.000000,8.516836
2.153182,3.806233,2.070332,40.000000,7.731677
-0.767348,8.779743,1.005486,56.000000,6.489793
0.872321,8.680567,2.497988,23.000000,4.659398
0.183342,8.059254,0.444326,11.000000,5.079122
2.189803,7.900304,4.418463,64.000000,6.061133
-0.808298,3.046791,0.677697,8.000000,3.956782
-0.839722,0.809193,0.917055,93.000000,6.876631
-0.599393,4.029802,0.119695,94.000000,3.157510
-2.123896,1.735245,0.236469,56.000000,5.783687
-0.525755,6.949511,1.450770,60.000000,0.420569
-0.759133,3.460997,0.622837,10.000000,3.898763
0.150394,9.756102,3.609449,39.000000,9.155354
0.341756,6.409721,0.029605,28.000000,7.072383
1.876171,8.224806,0.953151,49.000000,8.070937
0.950424,1.325247,0.823003,36.000000,3.665385
-0.576904,8.620145,0.039034,13.000000,5.207546
-0.898415,9.227572,0.265620,96.000000,7.563985
0.491919,4.870619,1.067652,36.000000,6.266190
-1.320233,6.062529,1.357954,26.000000,6.017132
1.831459,7.648098,1.036002,86.000000,8.261164
1.179440,1.748386,1.514039,4.000000,2.919090
-0.469176,5.025661,1.808387,95.000000,4.631524
-1.713135,3.986630,0.019947,82.000000,1.491829
1.353872,1.463740,1.247597,64.000000,2.809788
-0.114540,3.675344,6.620844,38.000000,7.148371
1.237816,0.681723,1.463910,88.000000,3.165301
-1.594428,0.258119,2.263566,87.000000,6.471049
-0.599375,1.351663,0.747537,22.000000,8.316970
0.005244,9.631151,2.974364,2.000000,4.644124
0.046981,5.495295,2.964919,31.000000,6.039727
-0.450065,9.658222,1.473346,11.000000,6.486624
0.622850,4.324979,7.460555,92.000000,2.557010
-1.067620,3.118161,0.268321,46.000000,3.767095
-0.142379,5.061419,0.034186,96.000000,2.992678
0.120296,4.395117,2.940728,62.000000,3.926554
0.514439,1.056647,3.291743,69.000000,6.432221
0.711615,6.408263,0.256138,64.000000,3.809607
-1.124642,2.160382,0.617356,10.000000,4.929694
-1.534114,6.195880,0.035416,40.000000,2.915077
1.277677,6.502011,0.694322,24.000000,7.452844
0.332314,1.520249,2.966861,99.000000,3.909780
-0.748487,0.613496,1.459459,44.000000,8.045961
1.551152,7.807616,0.855715,60.000000,5.121858
0.115675,4.598004,0.929600,62.000000,2.186001
1.179297,0.581638,0.002709,87.000000,4.657947
0.067518,9.948663,0.712780,17.000000,2.874446
2.060748,0.577806,2.079510,65.000000,6.178699
1.755341,6.950352,7.314331,95.000000,4.477274
-0.248964,9.836789,3.755430,95.000000,5.326421
0.971571,2.391801,0.047756,57.000000,4.261294
0.645376,1.422494,4.576587,55.000000,3.889315
1.368632,1.213849,3.057545,53.000000,3.052756
-0.964923,3.032751,3.031678,56.000000,6.672446
0.686051,1.010458,1.224963,98.000000,4.653694
1.058424,6.921613,1.015013,9.000000,4.370618
-1.758739,0.622918,0.721698,22.000000,4.603572
-1.183259,5.094221,0.135904,13.000000,3.642276
-2.039232,9.966969,0.518151,89.000000,4.377297
-0.269407,8.139703,0.566328,48.000000,5.411260
0.717542,6.152194,1.323596,18.000000,2.931726
1.502357,3.062536,2.752248,76.000000,3.221296
0.074095,6.238958,1.284185,40.000000,7.756568
1.628616,5.270415,0.119170,17.000000,4.274487
-1.380101,4.260834,6.330187,15.000000,3.896878
-1.703382,1.307104,5.719758,15.000000,2.312257
-0.055548,8.866042,3.075998,79.000000,6.701355
0.384065,4.497846,9.495289,63.000000,2.888148
-0.032695,1.946225,1.572642,39.000000,4.969415
-2.067442,3.677594,6.581192,13.000000,1.583630
-0.089120,4.141298,0.157232,81.000000,6.636346
-1.304470,8.275379,0.910406,32.000000,7.353712
0.669673,7.336144,0.510769,9.000000,5.969041
0.366598,7.693049,0.435897,40.000000,1.931040
-0.939880,0.110313,0.303514,20.000000,6.677524
-0.513867,4.161540,1.947912,90.000000,3.345302
-1.059214,4.813442,3.040309,91.000000,2.658056
-0.062679,0.191923,1.726915,85.000000,4.233078
0.955142,2.598132,0.317904,82.000000,4.193265
-0.985726,7.602898,3.333327,77.000000,3.989903
0.504047,1.371097,2.020954,80.000000,7.547348
-0.530258,5.353101,0.982588,73.000000,9.023652
-0.792873,2.152019,2.242515,63.000000,2.261727
-0.107030,0.121208,0.601953,76.000000,3.622335
-1.035242,2.412015,0.846827,44.000000,5.285497
-0.553649,9.758738,4.989571,38.000000,4.222567
-1.197878,8.015371,0.686402,83.000000,5.798797
1.964725,9.595766,1.269712,60.000000,6.831971
0.035264,4.878540,4.417118,71.000000,6.498732
-0.699726,1.097362,2.460095,99.000000,6.219467
0.213980,5.479595,0.128444,48.000000,8.318191
-0.112328,4.543773,0.318702,18.000000,1.822105
-0.220970,8.443571,0.015745,16.000000,7.960218
0.614167,0.980826,1.993493,55.000000,4.174017
0.757508,4.882411,1.187232,39.000000,6.570250
-0.530501,1.500487,0.288376,68.000000,2.940668
-0.575818,3.246759,6.337037,59.000000,3.183007
-0.275052,7.373571,1.508598,89.000000,6.324235
-2.301921,4.760181,0.553862,96.000000,1.142540
-1.515191,3.758883,1.388710,62.000000,6.978884
1.366874,3.944763,2.276497,13.000000,7.519927
1.644968,4.594468,0.158604,81.000000,5.355570
-0.249036,7.850165,0.642350,6.000000,5.283522
0.576557,8.920847,3.289773,83.000000,3.332728
0.311250,9.553347,1.231131,77.000000,6.348899
3.078881,7.869034,1.581860,60.000000,5.695330
1.119575,3.154069,1.134143,90.000000,3.156989
-0.127918,6.881347,0.089785,14.000000,4.217040
-0.955540,4.376031,0.362444,95.000000,4.681329
-1.606446,2.546706,1.179527,54.000000,4.214396
0.203464,8.408716,0.469384,4.000000,2.274177
-0.756351,0.384263,0.102542,39.000000,6.398041
-1.422254,9.017620,3.711312,72.000000,4.512979
-0.646573,4.614775,7.947002,25.000000,5.030730
-1.081548,6.372015,3.151454,77.000000,3.843467
1.687142,6.593539,3.845353,32.000000,5.950543
0.881640,8.951177,0.554083,59.000000,5.397392
-0.007973,6.366697,6.469349,63.000000,7.425569
1.479944,6.139336,0.438616,38.000000,5.961197
0.077368,0.666520,6.049491,92.000000,4.594631
-0.861284,5.184080,10.525628,53.000000,3.520566
1.523124,1.501690,2.487666,94.000000,6.731905
0.538910,7.374338,7.941820,67.000000,4.434848
-1.037246,5.122219,1.685801,28.000000,4.656565
-0.190339,6.802278,0.600972,3.000000,4.656057
-0.875618,0.416729,1.148937,98.000000,4.196785
-1.382800,0.847920,1.800643,80.000000,4.690922
0.926178,7.163234,0.151779,22.000000,8.852415
1.909417,0.720843,1.947539,96.000000,2.904356
-1.398568,0.712567,7.945440,38.000000,3.370992
0.562969,0.121085,0.421708,72.000000,7.768649
-0.650643,9.565014,3.146165,72.000000,4.250391
-0.487125,7.375084,4.769734,62.000000,4.098757
-0.592394,3.532514,5.754178,57.000000,7.069728
-0.863991,2.965356,6.444543,6.000000,2.159609
0.048522,3.497032,1.474029,78.000000,6.642909
-0.830950,7.746535,7.571478,32.000000,5.091233
0.270457,6.613706,2.831942,99.000000,5.929604
-0.050238,1.851956,0.352690,10.000000,5.892062
-0.238948,1.741093,1.295966,3.000000,3.744035
-0.907564,0.983956,2.534047,59.000000,7.102368
-0.576771,6.603027,0.568284,76.000000,3.899725
0.755391,7.643727,2.046723,49.000000,5.817698
0.500917,2.650464,2.196827,59.000000,7.475449
-0.977555,0.209450,0.355145,31.000000,7.757803
0.099332,0.821717,1.665211,93.000000,4.465747
0.751387,9.678600,2.953549,69.000000,5.926271
-1.669405,2.954448,1.381882,62.000000,4.281022
0.543360,7.692231,0.024354,52.000000,10.007592
-0.662624,6.246636,0.018159,89.000000,6.560252
0.570599,3.819396,0.883312,41.000000,5.168117
-0.763259,2.056873,5.212632,31.000000,5.625124
-1.804882,1.213864,0.519296,85.000000,5.814211
-1.627542,6.150130,2.012232,84.000000,5.873487
0.048085,7.746338,0.502253,22.000000,4.520004
0.259723,6.439043,0.776243,4.000000,4.211345
-0.904317,5.303021,3.768303,13.000000,4.696293
0.638592,0.419512,2.610251,45.000000,2.720617
-1.661520,9.684888,0.200523,42.000000,6.436549
-0.066080,7.987142,1.119689,49.000000,3.396590
-1.211016,2.928220,0.059207,20.000000,2.880100
-0.651836,9.799703,1.311280,77.000000,4.971291
0.047399,6.018816,2.171989,81.000000,4.739755
-0.860413,5.824227,0.252267,54.000000,5.499269
-0.384556,7.480732,0.681842,36.000000,3.863589
1.006293,8.117698,1.014453,97.000000,4.214915
-0.576892,6.564786,5.039767,1.000000,6.384239
0.835692,1.280957,9.997912,15.000000,6.262434
-1.129707,3.382675,0.091902,77.000000,6.179050
0.529804,9.280836,2.862650,17.000000,5.067935
1.441569,2.246156,0.929552,24.000000,5.337845
-2.471645,3.721670,0.996669,58.000000,5.460878
-0.796895,4.320769,2.807003,72.000000,3.687917
0.577072,4.394050,5.012500,91.000000,7.948093
-0.203045,6.129396,6.028958,23.000000,7.663176
0.371146,9.430758,1.721346,46.000000,6.588491
-0.603985,2.406927,0.883598,72.000000,4.148277
0.086590,1.215014,3.098089,8.000000,6.078288
-0.155677,1.974705,0.578036,59.000000,6.956740
1.167782,8.869249,1.660566,90.000000,2.553606
0.254421,6.458108,0.888137,59.000000,8.389024
0.337603,2.859068,2.137900,13.000000,1.521225
-0.411877,8.159469,0.549924,39.000000,6.409212
-0.487606,8.613700,0.425379,28.000000,7.906565
-0.432558,8.465143,5.007912,89.000000,4.773873
0.394452,9.189265,0.214733,61.000000,4.699071
-0.420984,2.522410,1.410269,16.000000,6.335322
0.289775,7.550419,0.499111,2.000000,8.703764
2.075401,4.605395,0.079416,82.000000,4.437865
0.871125,8.419986,0.073367,17.000000,3.438090
-0.326024,7.284907,0.385281,30.000000,4.152449
1.201214,7.764474,4.031362,13.000000,1.894972
-0.408075,6.561618,0.663905,96.000000,6.795516
-2.038125,1.774288,6.009916,93.000000,3.971834
-1.008086,5.450269,1.742741,94.000000,4.583322
-1.870792,9.846697,1.147581,82.000000,6.819242
-0.351513,9.373881,1.735424,13.000000,4.246179
0.018418,0.431737,1.454229,43.000000,6.518181
1.676437,1.648148,2.844061,85.000000,2.923823
0.326927,1.317288,0.663954,94.000000,6.917439
-0.219101,7.259799,0.870974,21.000000,5.683810
0.829406,8.177853,4.490412,55.000000,4.822842
-2.211135,2.135114,5.854522,81.000000,5.261787
0.235615,5.058527,4.461612,40.000000,2.426477
0.770865,8.407030,1.087552,83.000000,5.216001
-1.478586,7.328015,3.031581,15.000000,4.716660
1.143754,5.422372,1.293809,73.000000,2.481135
0.338496,5.903477,1.376478,52.000000,3.657849
-0.415288,5.083605,0.458022,74.000000,4.741509
0.632782,2.975485,1.788718,95.000000,3.785416
2.270693,5.650220,0.411924,53.000000,0.175772
0.181866,6.888853,0.805631,87.000000,7.152775
0.248221,8.733229,3.862460,52.000000,4.715820
-0.459361,6.362914,0.464055,30.000000,0.452100
-0.849844,7.611215,0.147634,33.000000,9.269926
0.830336,1.600716,0.143008,57.000000,7.482785
-0.856084,4.615575,5.653145,52.000000,4.302036
0.071566,0.093316,1.414169,9.000000,3.315005
-0.477657,2.466789,1.053273,54.000000,5.806382
0.478980,7.264617,3.330732,1.000000,5.404654
0.333662,9.918100,3.613656,44.000000,6.084180
1.037540,0.991781,0.807506,99.000000,3.320759
-0.510016,4.014943,2.365846,75.000000,7.195544
-0.269875,8.000710,2.949139,98.000000,4.053076
-0.978764,2.040356,2.126398,80.000000,6.361531
-0.444293,5.550849,0.328795,9.000000,3.406121
0.377300,7.330713,4.173063,32.000000,10.296288
0.756989,6.159855,1.549125,15.000000,6.391047
-0.922165,1.880247,0.663888,12.000000,10.768465
0.869606,3.553846,1.107564,97.000000,6.655204
1.355638,7.837918,0.076590,78.000000,3.877071
0.413435,5.542265,0.273626,57.000000,6.658762
1.876796,0.052296,2.900998,8.000000,6.801156
-0.773789,7.609908,0.000023,72.000000,5.746648
-1.244655,0.353114,1.077647,27.000000,6.260785
-1.778720,7.457338,1.478425,62.000000,6.523454
1.496044,2.024806,0.112367,12.000000,3.012638
0.654366,9.580735,7.229635,65.000000,2.870283
-0.055585,3.679408,0.512691,42.000000,3.411566
0.279969,3.269316,0.725382,62.000000,5.255085
-1.125489,1.488881,0.724646,11.000000,4.553658
2.445752,3.056042,0.523812,43.000000,3.048859
0.129221,8.766508,0.002950,95.000000,6.550628
0.109395,9.963343,2.613819,17.000000,5.566090
0.725767,3.683095,6.813154,97.000000,5.337858
0.481009,4.486106,0.507962,32.000000,4.484021
0.223884,7.220709,2.175625,93.000000,4.243544
-0.790474,8.861958,2.708788,85.000000,3.317338
0.471468,5.930443,3.773354,85.000000,6.867481
1.882024,3.915257,1.098541,40.000000,3.593014
1.345420,4.126218,0.721741,23.000000,5.418781
1.593187,6.956181,0.786960,56.000000,8.324021
-0.511216,0.032183,2.493909,6.000000,4.335485
-0.989605,6.195893,3.394130,86.000000,6.921404
-0.125787,3.554930,0.400842,50.000000,6.137418
0.055725,7.941973,0.927060,37.000000,5.622935
1.094192,0.929906,4.644355,64.000000,5.860697
-1.692465,5.882023,3.286957,54.000000,4.810187
1.529550,4.809729,8.380619,72.000000,5.069552
-0.158008,6.423255,2.806867,49.000000,3.903772
-0.426881,0.648536,0.999096,99.000000,5.082914
-1.012104,5.799838,1.786310,11.000000,3.829548
-1.654857,5.614846,2.163594,88.000000,7.011310
0.823171,5.606601,0.163409,49.000000,1.601005
0.073318,6.034877,1.572706,21.000000,5.962107
-1.289961,6.764679,2.471070,66.000000,5.673173
-1.295079,8.049890,0.366215,63.000000,5.492032
-0.335785,2.698207,3.034007,83.000000,7.048998
1.669022,8.250494,1.753048,28.000000,4.427753
-0.259591,4.982557,6.082371,17.000000,5.510868
-1.503143,0.770583,0.086697,6.000000,1.566916
-0.245743,0.585509,0.616657,19.000000,4.169366
-0.272724,3.342383,1.840366,56.000000,6.711473
-2.696887,7.848970,0.703545,28.000000,2.321677
-0.054295,7.076809,2.506495,66.000000,5.319487
-0.230935,7.886150,2.845961,38.000000,3.644966
0.696206,5.172691,0.216320,37.000000,4.778026
1.848956,4.401990,1.442494,68.000000,3.764645
1.126565,1.474525,1.422177,86.000000,2.505609
-0.268889,3.281928,0.921789,90.000000,5.772007
-1.106526,4.340194,5.403884,49.000000,4.900806
2.573360,0.886004,3.514789,43.000000,6.225258
0.059218,2.206120,2.389427,36.000000,6.588876
0.013929,5.982253,2.505812,58.000000,7.450517
-0.024125,7.356631,1.238738,13.000000,5.266973
0.198085,9.983475,5.076476,52.000000,7.537242
-0.144360,9.331133,2.372236,58.000000,3.048451
-0.573662,6.425652,2.611133,32.000000,6.817920
-0.546859,4.212481,3.956529,81.000000,5.918781
-0.032753,6.361774,0.640608,60.000000,5.466185
-0.543425,7.856516,3.290865,83.000000,5.889464
-0.712846,1.183362,0.434424,58.000000,3.078522
0.106430,4.099049,0.847284,99.000000,2.606506
-0.254977,8.398023,0.817773,56.000000,8.419656
1.503993,3.838330,7.681775,28.000000,4.662556
-2.650970,5.718723,3.883359,1.000000,4.634013
1.091507,5.877694,2.415760,42.000000,2.795381
1.246085,1.844763,2.596983,82.000000,2.036443
-2.073390,3.622354,1.651405,48.000000,4.823362
-0.342688,3.345113,5.878351,40.000000,4.316824
-0.371441,0.261967,1.371385,97.000000,5.003469
-1.407512,0.241918,0.957742,63.000000,5.174308
-0.777817,8.316970,0.355947,76.000000,9.978922
-1.110576,2.730708,3.085481,72.000000,4.322840
1.752270,5.180788,2.651859,88.000000,8.159880
0.935678,2.987256,0.970170,80.000000,8.284048
1.271555,9.406792,0.051032,4.000000,6.507249
0.721672,2.592968,3.652669,38.000000,4.529747
-1.129052,4.296568,0.022967,27.000000,2.277055
-0.524520,8.727303,2.432764,9.000000,5.955888
0.489375,8.419336,7.030330,16.000000,7.037624
-1.222128,1.861014,1.151302,56.000000,8.495375
0.712998,8.026433,0.535689,76.000000,3.100084
-0.240325,4.581869,2.440686,31.000000,4.512947
-0.374821,4.829689,3.397939,88.000000,3.112271
0.710960,1.334800,1.581213,14.000000,3.733044
0.444263,0.806015,6.824634,25.000000,6.328775
-0.360966,7.279393,0.106103,34.000000,3.641390
1.159330,4.964612,1.405569,67.000000,3.351458
-1.081063,4.368507,2.534918,24.000000,6.593992
0.615936,7.295082,3.970307,73.000000,5.901478
0.593101,7.655129,0.395087,26.000000,5.700022
-0.309546,1.589082,3.218911,20.000000,3.694225
0.326133,6.102251,1.609083,64.000000,7.586047
-1.251114,1.353541,1.010196,10.000000,5.028980
0.924027,7.513751,0.282471,83.000000,9.760380
-0.184902,6.569552,4.009347,67.000000,5.322332
-0.522723,9.566146,0.342225,24.000000,0.333304
1.049009,0.689580,0.741513,5.000000,0.244249
-0.704344,0.570547,0.685109,67.000000,6.247900
-1.408461,2.821871,4.102315,58.000000,7.600988
-1.556629,2.617057,2.233774,27.000000,3.432344
0.606010,2.469788,3.185962,80.000000,9.201958
-1.280429,9.062546,0.576612,15.000000,8.325998
1.754794,2.495462,1.960987,35.000000,5.421094
-2.081929,2.719497,1.696078,76.000000,6.078908
1.696456,7.593983,3.577493,53.000000,6.789060
0.211017,4.497398,4.730774,44.000000,8.779990
-0.096713,7.767106,0.024463,26.000000,6.364272
-0.544919,0.653662,2.241838,47.000000,5.375863
0.399136,4.875712,0.106455,34.000000,6.344602
-0.037635,0.336136,1.591949,87.000000,6.074721
1.103302,0.626532,0.678323,95.000000,6.848820
0.114228,9.064375,0.732806,50.000000,1.859953
0.150302,1.392454,0.870690,84.000000,5.631707
-0.363612,5.324207,1.941982,12.000000,5.920881
-0.056946,4.110956,0.813081,87.000000,4.854306
0.307802,3.473433,2.638760,4.000000,6.568333
-1.710168,8.998333,1.036800,87.000000,8.842335
-1.348185,0.218234,0.141603,48.000000,5.276434
0.743264,6.637897,3.062731,55.000000,6.383442
0.170865,9.633944,0.673068,1.000000,8.212530
-0.183983,5.601682,1.133970,89.000000,5.323129
0.018434,9.368225,2.313186,66.000000,3.223074
0.347582,0.522579,0.808300,30.000000,6.231558
-0.539760,4.187933,0.116499,3.000000,0.596668
-0.778305,2.601578,0.936558,21.000000,0.403266
0.195845,7.308210,5.780892,89.000000,5.666024
-0.978373,9.812971,2.052961,84.000000,0.310059
0.408253,2.565301,2.226310,49.000000,2.369665
-1.702584,6.541746,2.000879,86.000000,4.239803
1.029156,1.980976,0.443769,85.000000,3.557167
0.472597,5.653303,1.083717,62.000000,4.704387
0.256030,4.639325,2.780121,97.000000,7.225740
0.982691,9.720053,0.213774,38.000000,5.476962
1.665474,6.085273,0.651052,15.000000,3.321359
1.014370,3.495064,0.646809,52.000000,7.708882
-1.840874,1.140958,1.131334,79.000000,2.142286
-1.279577,1.512468,7.861264,46.000000,5.443767
-0.624819,2.253169,0.139778,25.000000,1.919828
0.026091,2.509667,1.462533,21.000000,5.504636
0.517659,8.506161,0.395353,88.000000,4.362745
-0.725744,5.612228,7.058735,5.000000,7.164476
0.186767,5.233909,0.240505,70.000000,6.441379
-0.755383,1.147689,1.033691,47.000000,3.825721
-0.611518,8.601397,2.677944,87.000000,3.442121
-1.406661,7.228143,2.438541,68.000000,4.369807
-0.923233,0.676684,1.098886,91.000000,8.751143
-1.351685,7.078351,0.850899,18.000000,8.238137
-0.975873,5.435382,1.013708,21.000000,3.063464
1.053642,0.817253,0.613801,92.000000,6.600451
-0.949399,4.583006,0.459664,99.000000,1.537137
2.632382,4.846963,1.319578,86.000000,4.105315
0.493318,1.657745,0.625408,23.000000,3.144871
0.184836,9.456981,0.677843,64.000000,7.138559
-0.858358,8.499754,2.138628,67.000000,2.418565
0.700310,6.690223,6.917907,40.000000,5.858700
-0.575638,4.622956,1.850851,10.000000,5.001420
0.122010,4.117655,0.160208,89.000000,4.649102
2.560085,6.509735,0.157185,52.000000,8.343166
-0.096060,5.454319,6.049219,72.000000,8.519394
1.149273,0.622731,0.705624,75.000000,4.711214
-0.703176,5.125026,0.193169,61.000000,4.308167
-0.034988,8.064036,1.827810,64.000000,1.986253
1.770801,4.592399,1.954465,5.000000,4.991482
-0.626967,0.519566,2.091119,53.000000,8.906607
1.812449,7.862782,0.622316,55.000000,4.742529
0.707752,2.013638,0.030452,37.000000,6.457519
-0.562467,2.586208,6.705693,56.000000,2.205005
0.632408,1.647064,0.577747,59.000000,4.130450
0.972554,3.302151,2.254186,93.000000,5.924931
0.621810,7.567515,2.452640,69.000000,5.211725
-1.570225,5.193859,1.883255,73.000000,6.649335
-0.727137,2.048813,0.750572,59.000000,3.794656
-0.247519,8.778301,0.632427,2.000000,1.500023
-0.074433,8.795819,1.820957,65.000000,7.244180
0.620672,8.705784,4.021259,60.000000,3.127701
0.177701,2.387962,5.864904,51.000000,6.013208
-1.335344,4.512393,0.223888,30.000000,5.901714
0.380198,9.849897,0.336432,11.000000,1.672494
0.610586,7.720125,5.791277,92.000000,7.098251
0.559790,0.271674,2.667671,76.000000,3.866866
1.080781,0.652046,4.291057,39.000000,5.110109
0.833922,4.639314,0.452880,90.000000,4.283635
0.459180,9.092202,1.771455,77.000000,8.245183
-0.070166,5.387018,2.415557,72.000000,7.686980
-1.660961,4.978125,2.279568,63.000000,1.375331
0.429618,1.054737,1.049010,64.000000,9.517654
0.207688,6.567801,0.031029,61.000000,3.643387
0.271579,8.221032,1.748984,54.000000,9.204873
-1.276749,3.804200,0.583652,92.000000,4.487581
-1.081057,7.756119,1.196599,94.000000,4.318167
1.053153,9.644767,6.320319,73.000000,4.505345
-0.039555,2.037665,1.018438,95.000000,4.198421
0.681501,5.233296,3.662685,58.000000,10.048793
0.028318,2.871380,0.417842,85.000000,4.847274
0.029756,7.928544,2.232293,56.000000,4.395407
0.938284,5.775934,7.545127,34.000000,5.154022
-0.516045,6.345824,0.214932,31.000000,3.065330
0.096121,7.979142,0.016709,52.000000,8.194241
-0.462275,3.959705,1.136849,89.000000,2.057838
-0.434496,9.150901,0.194400,76.000000,3.771983
-0.309172,5.330289,2.759705,1.000000,6.873321
0.222134,1.579548,4.919616,55.000000,5.084704
-0.478749,6.958991,1.138397,22.000000,6.098430
1.255756,7.932614,0.598731,40.000000,8.066328
-0.894607,3.167617,1.139748,1.000000,7.007603
-0.186872,8.571793,2.570712,65.000000,5.274953
-0.439731,9.061433,0.018191,63.000000,9.178685
1.446978,2.769045,1.780535,54.000000,3.743328
0.196555,9.835215,1.900169,42.000000,4.799381
1.031845,1.407115,2.030500,21.000000,4.939119
-1.485560,2.020157,0.554202,79.000000,4.795156
0.267050,1.842248,2.503896,81.000000,2.861579
0.889631,8.939897,0.191682,22.000000,1.832700
0.082284,6.542926,0.444464,38.000000,5.834403
1.065480,1.521043,4.198800,99.000000,3.733052
-0.517288,4.403234,2.684349,80.000000,8.815618
1.409347,6.152980,0.027682,8.000000,4.854915
2.298898,0.834641,0.571039,62.000000,4.497021
-0.362839,8.824164,0.482632,47.000000,7.188680
-0.445503,8.036035,0.631632,17.000000,5.804385
1.453384,5.052068,0.568867,17.000000,4.648965
1.579572,9.671266,0.129133,90.000000,3.718537
-0.522860,4.177610,1.228452,13.000000,12.315404
-0.420187,9.841103,2.639018,17.000000,5.723572
-0.281785,6.679200,1.866527,38.000000,7.168859
-1.344451,6.346713,2.234805,81.000000,2.954109
-0.918652,1.659549,0.169263,78.000000,3.844029
-1.004141,8.819278,6.052000,45.000000,9.224692
-0.767798,4.274897,3.646399,6.000000,7.793862
-0.034685,1.622334,3.270438,35.000000,5.915244
0.234215,0.126075,3.463028,14.000000,4.236858
1.550500,5.597557,5.397502,72.000000,4.531928
-0.998354,5.273996,1.571639,61.000000,3.647779
0.984322,7.193536,0.446992,15.000000,2.686301
-0.213989,8.902581,1.918311,54.000000,6.847688
-0.049464,0.794066,2.716436,27.000000,6.077662
0.674819,7.314965,2.678191,13.000000,6.472158
-1.122722,1.874119,1.473985,31.000000,4.326204
0.382410,8.581771,0.141830,35.000000,5.511278
0.166452,8.190635,0.927607,60.000000,4.135912
0.492451,5.407938,5.070715,6.000000,3.545384
0.289169,7.102428,1.756299,69.000000,8.334125
2.455300,3.143501,1.545818,86.000000,5.243015
-0.637740,4.711679,0.626283,58.000000,6.014909
-0.530997,8.216369,0.919153,49.000000,6.671508
-0.623141,4.592652,4.514193,23.000000,5.268082
-0.555477,3.577983,2.196003,89.000000,5.481265
-0.637387,4.942124,3.096564,34.000000,2.826750
1.189017,8.282493,1.211538,26.000000,3.207770
1.420504,3.352080,1.989841,47.000000,3.104370
-0.570746,1.737616,0.571058,5.000000,6.210917
-0.832356,7.120140,2.444687,90.000000,5.141781
0.471416,8.259782,1.115839,20.000000,3.207937
-0.552223,1.006375,1.168749,6.000000,6.160198
0.632932,2.398741,2.095776,70.000000,6.086913
0.202923,1.419720,5.506533,59.000000,3.610068
-1.515744,3.479414,0.132293,64.000000,4.944345
1.547505,4.503510,3.483006,18.000000,6.094283
1.795878,7.488263,0.691705,4.000000,3.283289
-0.612789,6.511476,1.173684,17.000000,6.132454
-0.387702,6.209286,0.044314,14.000000,5.602047
0.285865,3.523749,0.716341,78.000000,3.001601
0.334457,8.414476,1.396847,13.000000,5.439593
0.658544,4.712872,0.115631,7.000000,5.731297
2.010205,9.791049,1.350991,44.000000,3.747998
-0.176947,6.341421,5.237625,15.000000,3.905433
-0.798297,1.262647,0.222742,19.000000,2.983160
-1.379319,6.761776,2.891585,63.000000,4.102002
-0.730930,3.251040,1.054151,35.000000,4.975836
-0.033127,6.863272,2.129429,81.000000,3.910956
1.794558,0.696411,0.602850,35.000000,2.030224
-0.517611,1.748814,0.347498,19.000000,3.622824
0.223788,8.557373,0.349809,20.000000,4.165416
-0.016423,2.271796,0.146200,35.000000,6.633677
1.188393,8.370411,0.410722,32.000000,6.189530
2.526932,2.792761,2.182595,48.000000,6.672442
-0.530869,6.428819,4.268904,44.000000,3.521962
-0.489439,6.941506,3.365369,24.000000,5.283102
1.044161,5.126548,2.311218,61.000000,0.153907
0.681891,3.053107,0.234038,17.000000,5.857841
1.846707,2.126444,0.682693,71.000000,6.221795
0.583928,0.331894,0.741568,50.000000,4.296750
-0.359292,3.039464,0.575249,65.000000,5.590860
0.590655,6.531628,1.447236,99.000000,1.970151
1.108704,9.383048,1.533819,32.000000,3.397866
0.820482,8.712045,0.882866,36.000000,6.530898
0.507274,7.660648,0.873259,13.000000,6.022507
1.066675,7.884473,3.526993,70.000000,4.176291
1.169296,6.649849,3.114572,58.000000,6.622725
1.382159,2.602869,0.735749,14.000000,5.276596
0.648710,9.071950,4.901902,37.000000,3.991558
-0.167118,6.707323,6.107359,79.000000,4.634345
0.146714,5.604406,0.791255,68.000000,4.089165
1.206509,1.109895,0.875228,40.000000,2.632448
-0.816936,4.470555,1.408959,59.000000,7.513372
0.368673,4.603583,5.664535,80.000000,3.863951
-0.393339,8.645636,4.180106,92.000000,3.335279
0.028745,5.466482,0.216436,16.000000,1.941303
1.278452,3.804005,0.997566,62.000000,-0.271936
0.191099,9.768003,1.612055,4.000000,6.402994
0.046437,1.107206,1.398864,45.000000,6.587217
-1.359856,4.225484,0.431003,90.000000,7.386077
0.746254,0.420247,3.915393,28.000000,4.701921
0.645484,7.399041,2.259839,96.000000,4.356015
2.163255,9.180766,3.639187,66.000000,3.984554
-0.307778,2.800373,3.914650,31.000000,4.166885
0.219150,8.583417,2.759479,3.000000,7.239581
0.249384,2.922182,1.156820,8.000000,4.946970
1.577453,9.107702,1.886023,24.000000,5.756142
-0.095296,7.539619,0.349577,15.000000,4.115986
0.279022,8.049068,2.239542,43.000000,7.641696
0.607897,0.180066,0.395081,31.000000,1.190522
0.186609,9.628104,2.368011,73.000000,2.558952
-0.446434,7.266710,0.521686,45.000000,5.759421
0.194090,3.047511,0.250109,66.000000,8.501222
1.073632,8.293947,0.361329,8.000000,4.549800
-1.026515,2.815212,0.003988,71.000000,3.315258
0.132970,8.727538,2.536949,57.000000,7.001325
-0.700121,1.125804,2.636532,80.000000,5.647397
1.195047,7.036860,1.446938,99.000000,7.580428
-1.523187,5.406985,0.351954,30.000000,2.419298
-0.558922,0.965345,0.174505,74.000000,7.423337
0.377212,2.418938,0.038629,18.000000,1.903085
1.565524,0.124040,0.362440,69.000000,4.423656
-0.065750,4.687680,4.430166,93.000000,5.825566
-0.555200,3.012653,0.552922,39.000000,5.372027
1.881157,5.983575,0.874752,60.000000,7.121185
-1.448014,2.972378,0.222635,98.000000,1.346680
-2.198806,2.999191,0.502987,43.000000,5.282015
0.440014,7.431932,1.464710,45.000000,7.399284
-0.502054,0.481428,1.871725,23.000000,5.118588
-1.021233,9.028950,0.563009,69.000000,2.715321
0.708356,8.522639,0.118931,94.000000,7.015015
0.243801,6.678047,0.991982,6.000000,3.703379
-0.564079,5.932216,0.533677,56.000000,3.351354
-1.280304,8.923025,0.495779,4.000000,3.099728
0.872457,1.853302,6.430904,93.000000,4.602630
0.650201,0.789692,1.915791,23.000000,5.366120
-0.099176,2.395102,1.627822,6.000000,2.461800
1.846637,7.945783,1.074939,32.000000,2.872708
-1.070085,0.346703,1.120537,18.000000,3.611034
-1.525525,5.828068,1.556996,15.000000,3.090023
-0.691908,9.954375,2.384285,40.000000,5.073516
-0.045586,8.556961,2.422304,96.000000,5.722443
0.243339,5.214457,0.376745,73.000000,5.447748
-0.241236,0.636409,1.386745,74.000000,5.450664
0.352055,8.313735,1.061914,84.000000,8.341983
-1.251539,5.989785,4.088565,6.000000,5.847367
1.443765,1.149330,1.996189,63.000000,6.567928
-0.082151,0.938573,1.520729,67.000000,4.170769
1.117296,9.096268,0.245227,11.000000,6.888012
0.342725,6.692003,1.860971,43.000000,4.075295
0.456753,8.292868,0.249322,17.000000,5.822897
0.569767,8.789789,0.822584,96.000000,2.257266
0.447709,5.717724,0.308266,4.000000,5.332468
0.642723,5.174464,2.355789,63.000000,3.049240
1.329153,4.304274,0.461979,68.000000,6.872071
0.196521,3.169466,0.994698,81.000000,6.751753
0.709004,4.345960,4.520484,41.000000,4.066745
-0.089736,7.738797,0.457107,83.000000,9.099150
1.440117,6.019234,1.417761,5.000000,4.428243
-0.676392,8.925233,1.086944,32.000000,1.775962
1.800940,4.433800,0.036581,86.000000,3.441764
-0.040158,6.070896,3.147737,70.000000,2.911718
-1.430775,6.313076,0.143091,35.000000,5.759204
0.128104,5.916972,1.285878,22.000000,2.529274
-0.681052,7.026338,1.645047,65.000000,3.921572
0.840644,2.374335,1.980017,84.000000,5.629104
-0.652624,5.123638,2.333557,22.000000,5.277292
-0.446183,1.042248,0.584110,11.000000,4.974712
-1.889541,3.845113,0.020058,77.000000,5.252001
-0.452306,4.876671,2.570681,3.000000,4.259000
-2.423879,6.522243,1.534262,9.000000,1.792496
-1.583903,9.505311,3.617214,60.000000,4.206324
0.760415,6.006511,3.445083,76.000000,5.937500
0.785800,7.435939,3.707178,87.000000,4.726130
0.425458,5.062661,1.327544,14.000000,5.782977
-0.966976,6.341040,0.811816,97.000000,3.826434
-0.047711,0.709322,3.136191,18.000000,6.988672
-0.003603,2.543916,1.200385,73.000000,-0.112636
-1.158365,3.618531,0.405315,23.000000,5.282881
1.503398,4.724934,3.861685,74.000000,7.697761
0.877362,0.456487,4.283653,83.000000,7.995397
-0.220964,1.400241,1.255879,47.000000,4.536348
0.026886,2.768143,0.157437,69.000000,2.347604
0.208383,9.715327,0.981478,47.000000,7.732946
-2.041735,3.313470,3.254569,87.000000,4.896270
-0.247177,4.820411,4.640969,30.000000,4.682061
-0.681984,1.960977,0.454988,25.000000,3.214291
-1.001620,6.107801,0.138644,28.000000,2.500225
-0.281100,2.806832,4.196848,98.000000,6.127726
1.797687,2.069926,0.986643,25.000000,6.339743
0.640843,5.165726,1.560729,74.000000,5.403088
-0.571179,0.055058,6.888156,78.000000,3.471908
0.572583,0.076640,0.137767,58.000000,2.870002
